--- INSERT VALUES INTO TABLES ---
INSERT INTO specializations (title)
VALUES
    ('Mathematics'),
    ('Physics'),
    ('Chemistry');

INSERT INTO groups (id, leader_id)
VALUES
    (23201, NULL),
    (23202, NULL),
    (23203, NULL);

INSERT INTO students (first_name, last_name, group_id)
VALUES
    ('John', 'Smith', 23201),
    ('Jane', 'Doe', 23202),
    ('Michael', 'Johnson', 23201),
    ('Emily', 'Brown', 23203),
    ('William', 'Davis', 23202),
    ('Sophia', 'Wilson', 23201),
    ('James', 'Anderson', 23203),
    ('Olivia', 'Martinez', 23201),
    ('Benjamin', 'Taylor', 23202),
    ('Emma', 'Thomas', 23203),
    ('Daniel', 'Garcia', 23201),
    ('Ava', 'Rodriguez', 23202),
    ('Alexander', 'Hernandez', 23203),
    ('Mia', 'Lopez', 23201),
    ('Henry', 'Moore', 23202),
    ('Chloe', 'Clark', 23203),
    ('Ethan', 'Lewis', 23201),
    ('Grace', 'Walker', 23202),
    ('Liam', 'Hall', 23203),
    ('Ella', 'White', 23201),
    ('Sam', 'Johnson', 23202),
    ('Sam', 'Walker', 23201);

UPDATE groups
SET leader_id = (SELECT id FROM students WHERE first_name = 'John' AND last_name = 'Smith')
WHERE id = 23201;

UPDATE groups
SET leader_id = (SELECT id FROM students WHERE first_name = 'Jane' AND last_name = 'Doe')
WHERE id = 23202;

INSERT INTO teachers (first_name, last_name, specialization_title)
VALUES
    ('David', 'Johnson', 'Mathematics'),
    ('Christopher', 'Miller', 'Physics'),
    ('Victoria', 'Thompson', 'Chemistry'),
    ('Samuel', 'Wilson', 'Mathematics'),
    ('Natalie', 'Parker', 'Physics'),
    ('Andrew', 'Harris', 'Chemistry'),
    ('Sophie', 'Martinez', 'Mathematics'),
    ('Benjamin', 'Thomas', 'Physics'),
    ('Amelia', 'Garcia', 'Chemistry'),
    ('Ethan', 'Rodriguez', 'Mathematics'),
    ('Alexander', 'Hernandez', 'Physics'),
    ('Grace', 'Lopez', 'Chemistry'),
    ('Henry', 'Moore', 'Mathematics'),
    ('Chloe', 'Clark', 'Physics'),
    ('Daniel', 'Lewis', 'Chemistry'),
    ('Olivia', 'Walker', 'Mathematics'),
    ('Liam', 'Hall', 'Physics'),
    ('Ella', 'White', 'Chemistry'),
    ('Lucas', 'Davis', 'Mathematics'),
    ('Sophia', 'Anderson', 'Physics');

INSERT INTO subjects (title, specialization_title)
VALUES
    ('Algebra', 'Mathematics'),
    ('Electronic', 'Physics'),
    ('Chemistry Basics', 'Chemistry');

INSERT INTO schedule (date_s, number_pair, number_office, teacher_id, group_id, subject_id, activity_type)
VALUES
    ('2023-10-02', 1, 101, 1, 23201, 1, 'Lecture'),
    ('2023-10-02', 2, 102, 2, 23202, 2, 'Lab'),
    ('2023-10-03', 3, 103, 3, 23203, 3, 'Discussion'),
    ('2023-10-04', 1, 101, 1, 23201, 1, 'Lecture'),
    ('2023-10-04', 2, 102, 2, 23202, 2, 'Lab'),
    ('2023-10-05', 3, 103, 4, 23203, 3, 'Discussion'),
    ('2023-10-06', 1, 101, 1, 23201, 1, 'Lecture'),
    ('2023-10-06', 2, 102, 5, 23202, 2, 'Lab'),
    ('2023-10-07', 3, 103, 3, 23203, 3, 'Discussion'),
    ('2023-10-08', 1, 101, 6, 23201, 1, 'Lecture'),
    ('2023-10-08', 2, 102, 2, 23202, 2, 'Lab'),
    ('2023-10-09', 3, 103, 6, 23203, 3, 'Discussion'),
    ('2023-10-10', 1, 101, 1, 23201, 1, 'Lecture'),
    ('2023-10-10', 2, 102, 6, 23202, 2, 'Lab'),
    ('2023-10-11', 3, 103, 3, 23203, 3, 'Discussion'),
    ('2023-10-12', 1, 101, 5, 23201, 1, 'Lecture'),
    ('2023-10-12', 2, 102, 2, 23202, 2, 'Lab'),
    ('2023-10-13', 3, 103, 3, 23203, 3, 'Discussion'),
    ('2023-10-14', 1, 101, 4, 23201, 1, 'Lecture'),
    ('2023-10-14', 2, 102, 4, 23202, 2, 'Lab');

INSERT INTO marks (mark, schedule_id, student_id)
VALUES
    (5, 1, 1),
    (4, 2, 2),
    (3, 3, 3),
    (4, 4, 4),
    (5, 5, 5),
    (5, 6, 6),
    (5, 7, 7),
    (4, 8, 8),
    (5, 9, 9),
    (5, 10, 10),
    (4, 11, 11),
    (3, 12, 12),
    (5, 13, 13),
    (4, 14, 14),
    (3, 15, 15),
    (5, 16, 16),
    (4, 17, 17),
    (5, 18, 18),
    (5, 19, 19),
    (4, 20, 20),
    (4, 1, 2),
    (5, 2, 3),
    (5, 3, 4),
    (4, 4, 5),
    (5, 5, 6),
    (3, 6, 7),
    (4, 7, 8),
    (5, 8, 9),
    (5, 9, 10),
    (4, 10, 11),
    (5, 11, 12),
    (3, 12, 13),
    (4, 13, 14),
    (5, 14, 15),
    (5, 15, 16),
    (4, 16, 17),
    (5, 17, 18),
    (5, 18, 19),
    (4, 19, 20),
    (5, 20, 1),
    (3, 1, 3),
    (4, 2, 4),
    (5, 3, 5),
    (5, 4, 6),
    (4, 5, 7),
    (5, 6, 8),
    (3, 7, 9),
    (4, 8, 10),
    (5, 9, 11),
    (5, 10, 12),
    (4, 11, 13),
    (5, 12, 14),
    (5, 13, 15),
    (4, 14, 16),
    (5, 15, 17),
    (5, 16, 18),
    (4, 17, 19),
    (5, 18, 20),
    (3, 19, 1),
    (4, 20, 2),
    (5, 1, 4),
    (3, 2, 5),
    (4, 3, 6),
    (5, 4, 7),
    (5, 5, 8),
    (4, 6, 9),
    (5, 7, 10),
    (5, 8, 11),
    (4, 9, 12),
    (5, 10, 13),
    (3, 11, 14),
    (4, 12, 15),
    (5, 13, 16),
    (5, 14, 17),
    (5, 15, 18),
    (5, 16, 19),
    (5, 17, 20),
    (4, 18, 1),
    (5, 19, 2),
    (5, 20, 3),
    (4, 1, 5),
    (5, 2, 6),
    (3, 3, 7),
    (4, 4, 8),
    (5, 5, 9),
    (5, 6, 10),
    (4, 7, 11),
    (5, 8, 12),
    (3, 9, 13),
    (5, 10, 14),
    (5, 11, 15),
    (5, 12, 16),
    (4, 13, 17),
    (5, 14, 18),
    (3, 15, 19),
    (4, 16, 20),
    (5, 17, 1),
    (5, 18, 2),
    (4, 19, 3),
    (5, 20, 4),
    (3, 1, 6),
    (4, 2, 7),
    (5, 3, 8),
    (5, 4, 9),
    (4, 5, 10),
    (5, 6, 11),
    (5, 7, 12),
    (4, 8, 13),
    (5, 9, 14),
    (5, 10, 15),
    (4, 11, 16),
    (5, 12, 17),
    (3, 13, 18),
    (4, 14, 19),
    (5, 15, 20),
    (5, 16, 1),
    (4, 17, 2),
    (5, 18, 3),
    (3, 19, 4),
    (4, 20, 5);